{"client_meta":{"background_color":{"r":0.929411768913269,"g":0.929411768913269,"b":0.929411768913269,"a":1},"thumbnail_size":{"width":400,"height":267},"render_coordinates":{"x":-1079,"y":-2772,"width":1440,"height":960}},"file_name":"Untitled","developer_related_links":[]}